{
    "exitcode": 0,
    "test_results": {
        "benchmarks/NOVO/NOVO.t.sol:NOVOTest": [
            {
                "name": "check_gt(uint256,uint256,uint256,uint256,uint256)",
                "exitcode": 0,
                "num_models": 0,
                "models": [],
                "num_paths": [
                    79,
                    3,
                    0
                ],
                "time": [
                    21730.885579968002,
                    109.20331751399999,
                    21621.682252504
                ],
                "num_bounded_loops": 0
            }
        ]
    }
}