{
    "exitcode": 0,
    "test_results": {
        "benchmarks/NOVO/NOVO.t.sol:NOVOTest": [
            {
                "name": "check_cand001(uint256,uint256,uint256,uint256,uint256,uint256)",
                "exitcode": 0,
                "num_models": 0,
                "models": [],
                "num_paths": [
                    52,
                    1,
                    0
                ],
                "time": [
                    6305.144586833019,
                    6205.138890540984,
                    100.00569320900831
                ],
                "num_bounded_loops": 0
            }
        ]
    }
}