{
    "exitcode": 0,
    "test_results": {
        "benchmarks/NOVO/NOVO.t.sol:NOVOTest": [
            {
                "name": "check_cand003(uint256,uint256,uint256,uint256,uint256,uint256)",
                "exitcode": 0,
                "num_models": 0,
                "models": [],
                "num_paths": [
                    37,
                    1,
                    0
                ],
                "time": [
                    3765.5867121659685,
                    3665.5825121669914,
                    100.00419587496435
                ],
                "num_bounded_loops": 0
            }
        ]
    }
}