{
    "exitcode": 0,
    "test_results": {
        "benchmarks/NOVO/NOVO.t.sol:NOVOTest": [
            {
                "name": "check_cand000(uint256,uint256,uint256,uint256,uint256)",
                "exitcode": 0,
                "num_models": 0,
                "models": [],
                "num_paths": [
                    34,
                    1,
                    0
                ],
                "time": [
                    2892.91408716602,
                    2792.9037066249875,
                    100.01037837500917
                ],
                "num_bounded_loops": 0
            }
        ]
    }
}