{
    "exitcode": 0,
    "test_results": {
        "benchmarks/Discover/Discover.t.sol:DiscoverTest": [
            {
                "name": "check_cand002(uint256,uint256,uint256,uint256)",
                "exitcode": 0,
                "num_models": 0,
                "models": [],
                "num_paths": [
                    32,
                    1,
                    0
                ],
                "time": [
                    2925.6138973340276,
                    2825.6085323749576,
                    100.00535887497244
                ],
                "num_bounded_loops": 0
            }
        ]
    }
}