{
    "exitcode": 0,
    "test_results": {
        "benchmarks/Sheep/Sheep.t.sol:SheepTest": [
            {
                "name": "check_cand003(uint256,uint256,uint256,uint256,uint256,uint256)",
                "exitcode": 0,
                "num_models": 0,
                "models": [],
                "num_paths": [
                    38,
                    1,
                    0
                ],
                "time": [
                    3095.7213757080026,
                    2995.708095042035,
                    100.01326120801969
                ],
                "num_bounded_loops": 0
            }
        ]
    }
}