{
    "exitcode": 0,
    "test_results": {
        "benchmarks/Sheep/Sheep.t.sol:SheepTest": [
            {
                "name": "check_cand001(uint256,uint256,uint256,uint256,uint256,uint256)",
                "exitcode": 0,
                "num_models": 0,
                "models": [],
                "num_paths": [
                    55,
                    1,
                    0
                ],
                "time": [
                    5262.168543041975,
                    5162.157166249992,
                    100.01136979198782
                ],
                "num_bounded_loops": 0
            }
        ]
    }
}