{
    "exitcode": 0,
    "test_results": {
        "benchmarks/Sheep/Sheep.t.sol:SheepTest": [
            {
                "name": "check_cand004(uint256,uint256,uint256,uint256,uint256,uint256)",
                "exitcode": 0,
                "num_models": 0,
                "models": [],
                "num_paths": [
                    54,
                    1,
                    0
                ],
                "time": [
                    4361.926504249976,
                    4261.914321207965,
                    100.01217479200568
                ],
                "num_bounded_loops": 0
            }
        ]
    }
}