{
    "exitcode": 0,
    "test_results": {
        "benchmarks/SGZ/SGZ.t.sol:SGZTest": [
            {
                "name": "check_cand001(uint256,uint256,uint256,uint256)",
                "exitcode": 0,
                "num_models": 0,
                "models": [],
                "num_paths": [
                    59,
                    2,
                    0
                ],
                "time": [
                    6782.474886875018,
                    6582.46362616698,
                    200.0112578329863
                ],
                "num_bounded_loops": 0
            }
        ]
    }
}