{
    "exitcode": 1,
    "test_results": {
        "benchmarks/NMB/NMB.t.sol:NMBTest": [
            {
                "name": "check_cand003(uint256,uint256,uint256,uint256,uint256)",
                "exitcode": 1,
                "num_models": 0,
                "models": [],
                "num_paths": [
                    30,
                    0,
                    0
                ],
                "time": [
                    1437.5055352499985,
                    1437.505484166999,
                    4.8959002015180886e-05
                ],
                "num_bounded_loops": 0
            }
        ]
    }
}