{
    "exitcode": 1,
    "test_results": {
        "benchmarks/NMB/NMB.t.sol:NMBTest": [
            {
                "name": "check_cand005(uint256,uint256,uint256,uint256,uint256,uint256)",
                "exitcode": 1,
                "num_models": 0,
                "models": [],
                "num_paths": [
                    46,
                    0,
                    0
                ],
                "time": [
                    3444.038010999997,
                    3444.0379358339997,
                    7.291699876077473e-05
                ],
                "num_bounded_loops": 0
            }
        ]
    }
}