{
    "exitcode": 1,
    "test_results": {
        "benchmarks/NMB/NMB.t.sol:NMBTest": [
            {
                "name": "check_cand004(uint256,uint256,uint256,uint256,uint256,uint256)",
                "exitcode": 1,
                "num_models": 0,
                "models": [],
                "num_paths": [
                    62,
                    0,
                    0
                ],
                "time": [
                    2594.1223294999945,
                    2594.122188708003,
                    0.0001385829964419827
                ],
                "num_bounded_loops": 0
            }
        ]
    }
}