{
    "exitcode": 0,
    "test_results": {
        "benchmarks/NMB/NMB.t.sol:NMBTest": [
            {
                "name": "check_cand002(uint256,uint256,uint256,uint256,uint256)",
                "exitcode": 0,
                "num_models": 0,
                "models": [],
                "num_paths": [
                    53,
                    2,
                    0
                ],
                "time": [
                    5987.921568209,
                    5787.900849459002,
                    200.0207158330013
                ],
                "num_bounded_loops": 0
            }
        ]
    }
}