{
    "exitcode": 0,
    "test_results": {
        "benchmarks/BXH/BXH.t.sol:BXHTest": [
            {
                "name": "check_cand001(uint256,uint256,uint256,uint256,uint256)",
                "exitcode": 0,
                "num_models": 0,
                "models": [],
                "num_paths": [
                    40,
                    1,
                    0
                ],
                "time": [
                    3374.8594904579804,
                    3274.8474146249937,
                    100.01206270896364
                ],
                "num_bounded_loops": 0
            }
        ]
    }
}