{
    "exitcode": 0,
    "test_results": {
        "benchmarks/BXH/BXH.t.sol:BXHTest": [
            {
                "name": "check_gt(uint256,uint256,uint256,uint256,uint256)",
                "exitcode": 0,
                "num_models": 0,
                "models": [],
                "num_paths": [
                    79,
                    3,
                    0
                ],
                "time": [
                    21918.952901791985,
                    155.41526387498016,
                    21763.537631666986
                ],
                "num_bounded_loops": 0
            }
        ]
    }
}