{
    "exitcode": 0,
    "test_results": {
        "benchmarks/BIGFI/BIGFI.t.sol:BIGFITest": [
            {
                "name": "check_cand000(uint256,uint256,uint256,uint256,uint256)",
                "exitcode": 0,
                "num_models": 0,
                "models": [],
                "num_paths": [
                    39,
                    1,
                    0
                ],
                "time": [
                    3234.984621666954,
                    3134.9683860410005,
                    100.01622370799305
                ],
                "num_bounded_loops": 0
            }
        ]
    }
}