{
    "exitcode": 1,
    "test_results": {
        "benchmarks/MUMUG/MUMUG.t.sol:MUMUGTest": [
            {
                "name": "check_cand003(uint256,uint256,uint256,uint256)",
                "exitcode": 1,
                "num_models": 0,
                "models": [],
                "num_paths": [
                    30,
                    0,
                    0
                ],
                "time": [
                    870.3029199170414,
                    870.3028525420232,
                    6.445799954235554e-05
                ],
                "num_bounded_loops": 0
            }
        ]
    }
}