{
    "exitcode": 1,
    "test_results": {
        "benchmarks/MUMUG/MUMUG.t.sol:MUMUGTest": [
            {
                "name": "check_cand004(uint256,uint256,uint256,uint256,uint256)",
                "exitcode": 1,
                "num_models": 0,
                "models": [],
                "num_paths": [
                    41,
                    0,
                    0
                ],
                "time": [
                    894.5065488750115,
                    894.5064641660429,
                    8.195900591090322e-05
                ],
                "num_bounded_loops": 0
            }
        ]
    }
}